tempo_anos,fracao,atividade_relativa
0,1,0.000120968094339
100,0.987976062829,0.000119513581573
200,0.976096700723,0.000118076557777
300,0.96436017532,0.000116656812664
400,0.952764769162,0.000115254138478
500,0.941308785438,0.000113868329959
600,0.929990547744,0.000112499184313
700,0.918808399828,0.000111146501189
800,0.907760705356,0.000109810082642
900,0.896845847668,0.000108489733108
1000,0.886062229543,0.000107185259373
1100,0.875408272966,0.000105896470549
1200,0.864882418892,0.00010462317804
1300,0.854483127027,0.000103365195521
1400,0.844208875594,0.000102122338904
1500,0.834058161114,0.000100894426318
1600,0.824029498188,9.96812780746e-05
1700,0.814121419274,9.84827166498e-05
1800,0.804332474479,9.72985666524e-05
1900,0.794661231341,9.61286548001e-05
2000,0.785106274623,9.49728098944e-05
2100,0.775666206105,9.38308627953e-05
2200,0.766339644377,9.27026463963e-05
2300,0.757125224641,9.15879956005e-05
2400,0.748021598509,9.04867472957e-05
2500,0.739027433806,8.93987403314e-05
2600,0.730141414374,8.83238154945e-05
2700,0.721362239881,8.72618154862e-05
2800,0.712688625631,8.62125848994e-05
2900,0.704119302374,8.51759701952e-05
3000,0.695653016121,8.41518196811e-05
3100,0.687288527963,8.31399834884e-05
3200,0.679024613884,8.21403135505e-05
3300,0.670860064589,8.11526635811e-05
3400,0.662793685321,8.0176889053e-05
3500,0.654824295692,7.92128471764e-05
3600,0.646950729502,7.82603968788e-05
3700,0.639171834578,7.73193987837e-05
3800,0.631486472597,7.63897151907e-05
3900,0.623893518926,7.54712100547e-05
4000,0.616391862453,7.45637489667e-05
4100,0.608980405426,7.36671991339e-05
4200,0.601658063293,7.278142936e-05
4300,0.594423764541,7.19063100261e-05
4400,0.587276450543,7.10417130721e-05
4500,0.5802150754,7.01875119776e-05
4600,0.573238605787,6.93435817434e-05
4700,0.566346020807,6.85097988733e-05
4800,0.559536311836,6.7686041356e-05
4900,0.552808482377,6.68721886474e-05
5000,0.546161547918,6.60681216526e-05
5100,0.53959453578,6.52737227088e-05
5200,0.533106484984,6.4488875568e-05
5300,0.526696446103,6.371346538e-05
5400,0.520363481127,6.29473786753e-05
5500,0.514106663323,6.2190503349e-05
5600,0.507925077104,6.14427286441e-05
5700,0.50181781789,6.07039451352e-05
5800,0.495783991976,5.99740447129e-05
5900,0.489822716406,5.92529205673e-05
6000,0.483933118839,5.85404671732e-05
6100,0.478114337423,5.7836580274e-05
6200,0.472365520669,5.71411568666e-05
6300,0.466685827327,5.64540951865e-05
6400,0.46107442626,5.57752946929e-05
6500,0.455530496327,5.51046560538e-05
6600,0.45005322626,5.44420811316e-05
6700,0.444641814544,5.37874729686e-05
6800,0.439295469302,5.3140735773e-05
6900,0.43401340818,5.25017749049e-05
7000,0.428794858228,5.1870496862e-05
7100,0.423639055793,5.12468092667e-05
7200,0.418545246403,5.06306208519e-05
7300,0.413512684657,5.00218414478e-05
7400,0.408540634117,4.94203819691e-05
7500,0.403628367201,4.88261544013e-05
7600,0.398775165073,4.82390717884e-05
7700,0.393980317543,4.76590482201e-05
7800,0.389243122958,4.70859988186e-05
7900,0.384562888103,4.65198397272e-05
8000,0.379938928098,4.59604880971e-05
8100,0.375370566298,4.54078620759e-05
8200,0.370857134193,4.48618807952e-05
8300,0.366397971312,4.43224643591e-05
8400,0.361992425125,4.37895338324e-05
8500,0.357639850949,4.32630112288e-05
8600,0.353339611851,4.27428195e-05
8700,0.349091078558,4.22288825238e-05
8800,0.344893629363,4.17211250935e-05
8900,0.340746650032,4.12194729067e-05
9000,0.336649533721,4.07238525542e-05
9100,0.332601680879,4.02341915097e-05
9200,0.328602499165,3.97504181189e-05
9300,0.324651403361,3.92724615889e-05
9400,0.320747815284,3.88002519782e-05
9500,0.316891163705,3.83337201862e-05
9600,0.313080884263,3.78727979431e-05
9700,0.309316419381,3.74174178002e-05
9800,0.305597218188,3.69675131194e-05
9900,0.301922736437,3.65230180643e-05
10000,0.298292436424,3.60838675898e-05
10100,0.29470578691,3.5649997433e-05
10200,0.291162263044,3.52213441037e-05
10300,0.287661346286,3.47978448751e-05
10400,0.284202524332,3.43794377746e-05
10500,0.280785291035,3.39660615749e-05
10600,0.277409146337,3.35576557845e-05
10700,0.274073596191,3.31541606398e-05
10800,0.27077815249,3.27555170953e-05
10900,0.267522332997,3.23616668157e-05
11000,0.264305661274,3.19725521672e-05
11100,0.261127666608,3.15881162087e-05
11200,0.257987883951,3.1208302684e-05
11300,0.254885853844,3.08330560133e-05
11400,0.251821122351,3.0462321285e-05
11500,0.248793240998,3.00960442478e-05
11600,0.245801766699,2.97341713027e-05
11700,0.2428462617,2.93766494951e-05
11800,0.239926293507,2.90234265073e-05
11900,0.237041434828,2.86744506505e-05
12000,0.234191263509,2.83296708574e-05
12100,0.23137536247,2.79890366749e-05
12200,0.228593319649,2.76524982565e-05
12300,0.225844727936,2.73200063548e-05
12400,0.223129185117,2.69915123149e-05
12500,0.220446293814,2.66669680667e-05
12600,0.217795661427,2.63463261181e-05
12700,0.215176900078,2.60295395481e-05
12800,0.212589626551,2.5716562e-05
12900,0.210033462238,2.54073476743e-05
13000,0.207508033084,2.51018513222e-05
13100,0.205012969532,2.4800028239e-05
13200,0.202547906467,2.45018342576e-05
13300,0.200112483166,2.42072257419e-05
13400,0.197706343241,2.39161595805e-05
13500,0.195329134591,2.36285931803e-05
13600,0.192980509349,2.33444844605e-05
13700,0.19066012383,2.3063791846e-05
13800,0.18836763848,2.27864742619e-05
13900,0.186102717829,2.25124911271e-05
14000,0.183865030443,2.22418023482e-05
14100,0.181654248869,2.19743683142e-05
14200,0.179470049594,2.17101498902e-05
14300,0.177312112993,2.14491084119e-05
14400,0.175180123287,2.119120568e-05
14500,0.173073768491,2.09364039543e-05
14600,0.170992740372,2.06846659486e-05
14700,0.168936734405,2.04359548248e-05
14800,0.166905449725,2.0190234188e-05
14900,0.164898589084,1.99474680806e-05
15000,0.162915858809,1.97076209777e-05
15100,0.160956968759,1.94706577813e-05
15200,0.159021632279,1.92365438154e-05
15300,0.157109566164,1.90052448212e-05
15400,0.155220490611,1.87767269515e-05
15500,0.153354129184,1.85509567664e-05
15600,0.15151020877,1.83279012278e-05
15700,0.149688459539,1.81075276949e-05
15800,0.147888614906,1.78898039196e-05
15900,0.146110411492,1.76746980413e-05
16000,0.144353589085,1.74621785825e-05
16100,0.142617890599,1.72522144443e-05
16200,0.140903062043,1.70447749018e-05
16300,0.139208852478,1.68398295993e-05
16400,0.137535013982,1.66373485462e-05
16500,0.135881301615,1.64373021126e-05
16600,0.134247473381,1.62396610247e-05
16700,0.132633290196,1.60443963609e-05
16800,0.131038515848,1.58514795471e-05
16900,0.129462916966,1.56608823529e-05
17000,0.127906262987,1.54725768875e-05
17100,0.126368326117,1.52865355951e-05
17200,0.124848881303,1.51027312516e-05
17300,0.123347706199,1.49211369599e-05
17400,0.121864581129,1.47417261465e-05
17500,0.120399289062,1.45644725576e-05
17600,0.118951615575,1.43893502546e-05
17700,0.117521348823,1.42163336112e-05
17800,0.116108279508,1.40453973091e-05
17900,0.11471220085,1.38765163343e-05
18000,0.113332908555,1.37096659737e-05
18100,0.111970200783,1.35448218114e-05
18200,0.110623878124,1.33819597249e-05
18300,0.109293743563,1.3221055882e-05
18400,0.107979602458,1.30620867367e-05
18500,0.106681262502,1.29050290265e-05
18600,0.105398533704,1.27498597683e-05
18700,0.104131228357,1.25965562555e-05
18800,0.10287916101,1.24450960545e-05
18900,0.101642148441,1.22954570014e-05
19000,0.100420009635,1.2147617199e-05
19100,0.099212565748,1.2001555013e-05
19200,0.0980196400909,1.18572490695e-05
19300,0.0968410580969,1.17146782517e-05
19400,0.0956766472987,1.15738216964e-05
19500,0.0945262373028,1.14346587915e-05
19600,0.0933896597645,1.12971691726e-05
19700,0.092266748363,1.11613327203e-05
19800,0.0911573387777,1.10271295569e-05
19900,0.0900612686636,1.08945400439e-05
20000,0.0889783776276,1.07635447789e-05
20100,0.0879085072054,1.06341245928e-05
20200,0.086851500838,1.05062605468e-05
20300,0.0858072038487,1.03799339301e-05
20400,0.0847754634207,1.02551262567e-05
20500,0.0837561285749,1.01318192629e-05
20600,0.0827490501472,1.00099949046e-05
20700,0.0817540807673,9.88963535482e-06
20800,0.0807710748366,9.77072300066e-06
20900,0.0797998885075,9.65324044119e-06
21000,0.0788403796619,9.53717048462e-06
21100,0.0778924078903,9.42249614593e-06
21200,0.0769558344717,9.30920064427e-06
21300,0.076030522353,9.19726740061e-06
21400,0.0751163361292,9.08668003524e-06
21500,0.074213142023,8.9774223654e-06
21600,0.073320807866,8.86947840292e-06
21700,0.0724392030789,8.76283235186e-06
21800,0.0715681986524,8.65746860622e-06
21900,0.0707076671283,8.55337174764e-06
22000,0.0698574825812,8.45052654314e-06
22100,0.0690175205997,8.34891794292e-06
22200,0.0681876582683,8.24853107813e-06
22300,0.0673677741495,8.14935125869e-06
22400,0.0665577482657,8.05136397117e-06
22500,0.0657574620823,7.95455487664e-06
22600,0.0649667984897,7.85890980858e-06
22700,0.0641856417865,7.7644147708e-06
22800,0.0634138776623,7.67105593543e-06
22900,0.0626513931815,7.57881964082e-06
23000,0.0618980767662,7.48769238963e-06
23100,0.0611538181802,7.39766084678e-06
23200,0.0604185085126,7.30871183755e-06
23300,0.0596920401623,7.22083234561e-06
23400,0.0589743068217,7.13400951116e-06
23500,0.0582652034618,7.04823062902e-06
23600,0.0575646263161,6.96348314677e-06
23700,0.056872472866,6.87975466292e-06
23800,0.0561886418255,6.7970329251e-06
23900,0.0555130331264,6.71530582826e-06
24000,0.0548455479039,6.63456141289e-06
24100,0.0541860884818,6.5547878633e-06
24200,0.0535345583583,6.47597350587e-06
24300,0.0528908621922,6.39810680731e-06
24400,0.0522549057882,6.32117637304e-06
24500,0.0516265960841,6.24517094549e-06
24600,0.0510058411365,6.17007940241e-06
24700,0.0503925501073,6.09589075534e-06
24800,0.0497866332509,6.02259414789e-06
24900,0.0491880019007,5.95017885425e-06
25000,0.0485965684563,5.87863427755e-06
25100,0.0480122463704,5.80794994834e-06
25200,0.0474349501366,5.73811552307e-06
25300,0.0468645952765,5.66912078254e-06
25400,0.0463010983273,5.60095563044e-06
25500,0.0457443768301,5.53361009184e-06
25600,0.0451943493171,5.46707431176e-06
25700,0.0446509353004,5.40133855373e-06
25800,0.0441140552597,5.33639319832e-06
25900,0.0435836306309,5.27222874178e-06
26000,0.0430595837945,5.20883579464e-06
26100,0.0425418380644,5.14620508031e-06
26200,0.0420303176763,5.08432743375e-06
26300,0.0415249477773,5.02319380013e-06
26400,0.0410256544142,4.96279523348e-06
26500,0.0405323645231,4.9031228954e-06
26600,0.0400450059187,4.84416805376e-06
26700,0.0395635072835,4.78592208143e-06
26800,0.0390877981576,4.72837645502e-06
26900,0.0386178089284,4.6715227536e-06
27000,0.0381534708202,4.61535265752e-06
27100,0.0376947158842,4.55985794714e-06
27200,0.0372414769887,4.50503050168e-06
27300,0.0367936878092,4.45086229797e-06
27400,0.0363512828187,4.39734540934e-06
27500,0.035914197278,4.34447200442e-06
27600,0.0354823672264,4.292234346e-06
27700,0.0350557294722,4.2406247899e-06
27800,0.0346342215835,4.18963578386e-06
27900,0.0342177818792,4.13925986642e-06
28000,0.0338063494198,4.08948966585e-06
28100,0.0333998639983,4.04031789905e-06
28200,0.0329982661321,3.99173737048e-06
28300,0.0326014970534,3.94374097113e-06
28400,0.0322094987011,3.89632167747e-06
28500,0.0318222137124,3.84947255043e-06
28600,0.0314395854141,3.80318673434e-06
28700,0.0310615578144,3.75745745599e-06
28800,0.0306880755948,3.71227802362e-06
28900,0.0303190841019,3.6676418259e-06
29000,0.0299545293396,3.62354233102e-06
29100,0.0295943579608,3.57997308569e-06
29200,0.0292385172601,3.53692771424e-06
29300,0.0288869551656,3.49439991762e-06
29400,0.0285396202316,3.45238347256e-06
29500,0.028196461631,3.4108722306e-06
29600,0.0278574291479,3.3698601172e-06
29700,0.0275224731701,3.32934113087e-06
29800,0.0271915446819,3.28930934229e-06
29900,0.0268645952571,3.24975889342e-06
30000,0.0265415770516,3.21068399667e-06
