system,method,energy_hartree,homo_hartree,lumo_hartree,gap_hartree,converged
C2,b3lyp,-74.92159389807158,-0.24789206840517386,-0.1568064434362657,0.09108562496890815,True
C2,hf,-74.42205471570453,-0.37020015240549825,0.031795674967342924,0.4019958273728412,True
C2,pbe,-74.84069897016916,-0.20576371318166084,-0.18978838633906348,0.015975326842597365,True
C4,b3lyp,-150.10795776397816,-0.21264493884115265,-0.16156622768493567,0.05107871115621698,True
C4,hf,-149.19807023350546,-0.2968858244541932,0.026368374709313303,0.3232541991635065,True
H2O,b3lyp,-75.02244422346779,-0.17234409046949056,0.5717387673728306,0.7440828578423211,True
H2O,hf,-74.69118717342837,-0.41966955678392925,0.8236758831022533,1.2433454398861825,True
H2O,pbe,-74.93020416921787,-0.09576261062203259,0.5251545058328209,0.6209171164548535,True
RING6,b3lyp,-225.29901196155004,-0.1842774912534055,-0.10353323774858647,0.08074425350481904,True
RING6,hf,-223.61254465506983,-0.18086244115384842,-0.014116227838589568,0.16674621331525885,True
RING6,pbe,-225.0766956206204,-0.15703799007941682,-0.13404999073269885,0.02298799934671797,True
TETRA4,b3lyp,-149.904377963978,-0.2064321767948452,-0.13424202232663834,0.07219015446820687,True
TETRA4,hf,-148.9567039851837,-0.30181691418888745,0.039745384435247444,0.3415622986241349,True
