doi,title,year,cited,url,topic,authors
https://doi.org/10.1073/pnas.1004933107,Carbon isotope compositions of terrestrial C3 plants as indicators of (paleo)ecology and (paleo)climate,2010,1486,https://doi.org/10.1073/pnas.1004933107,carbon isotope analysis biomass radiocarbon,Matthew J. Kohn
https://doi.org/10.1103/revmodphys.92.015004,Sensitivity optimization for NV-diamond magnetometry,2020,1264,https://doi.org/10.1103/revmodphys.92.015004,density functional theory diamond carbon defects,John F. Barry; Jennifer M. Schloss; Erik Bauch; Matthew J. Turner; Connor Hart; Linh Pham; Ronald Lee Walsworth
https://doi.org/10.1088/0957-4484/11/2/305,Thermal conductivity of carbon nanotubes,2000,1147,https://doi.org/10.1088/0957-4484/11/2/305,density functional theory diamond carbon defects,Jianwei Che; Tahir Çağın; William A. Goddard
https://doi.org/10.1890/1051-0761(2000)010[0399:aosoma]2.0.co;2,AGE OF SOIL ORGANIC MATTER AND SOIL RESPIRATION: RADIOCARBON CONSTRAINTS ON BELOWGROUND C DYNAMICS,2000,1105,https://doi.org/10.1890/1051-0761(2000)010[0399:aosoma]2.0.co;2,carbon isotope analysis biomass radiocarbon,Susan Trumbore
https://doi.org/10.2458/azu_js_rc.v55i2.16177,Atmospheric Radiocarbon for the Period 1950–2010,2013,1041,https://doi.org/10.2458/azu_js_rc.v55i2.16177,carbon isotope analysis biomass radiocarbon,Quan Hua; Mike Barbetti; Andrzej Z. Rakowski
https://doi.org/10.1039/c1ee01263k,Understanding and recent development of carbon coating on LiFePO 4 cathode materials for lithium-ion batteries,2011,1028,https://doi.org/10.1039/c1ee01263k,carbon materials battery electronic structure,Jiajun Wang; Xueliang Andy Sun
https://doi.org/10.1021/acs.nanolett.5b00367,Understanding the Anchoring Effect of Two-Dimensional Layered Materials for Lithium–Sulfur Batteries,2015,940,https://doi.org/10.1021/acs.nanolett.5b00367,carbon materials battery electronic structure,Qianfan Zhang; Yapeng Wang; Zhi Wei Seh; Zhongheng Fu; Ruifeng Zhang; Yi Shun Cui
https://doi.org/10.1073/pnas.1003052107,Quantum computing with defects,2010,832,https://doi.org/10.1073/pnas.1003052107,density functional theory diamond carbon defects,Justin R. Weber; William F. Koehl; Joel Basile Varley; Anderson Janotti; Bob B. Buckley; Chris G. Van de Walle; D. D. Awschalom
https://doi.org/10.1002/adfm.200601152,Synthesis of Hierarchically Porous Carbon Monoliths with Highly Ordered Microstructure and Their Application in Rechargeable Lithium Batteries with High‐Rate Capability,2007,706,https://doi.org/10.1002/adfm.200601152,carbon materials battery electronic structure,Yong‐Sheng Hu; Philipp Adelhelm; B. M. Smarsly; Sarmimala Hore; Markus Antonietti; Joachim Maier
https://doi.org/10.1002/aenm.201702434,3D Amorphous Carbon with Controlled Porous and Disordered Structures as a High‐Rate Anode Material for Sodium‐Ion Batteries,2017,693,https://doi.org/10.1002/aenm.201702434,carbon materials battery electronic structure,Peng Lu; Yi Sun; Hongfa Xiang; Xin M. Liang; Yan Mei Yu
https://doi.org/10.1111/nph.12423,Environmental and physiological determinants of carbon isotope discrimination in terrestrial plants,2013,661,https://doi.org/10.1111/nph.12423,carbon isotope analysis biomass radiocarbon,Lucas A. Cernusak; Nerea Ubierna; Klaus Winter; Joseph A. M. Holtum; John David Marshall; Graham D. Farquhar
https://doi.org/10.1088/0953-8984/4/28/006,A transferable tight-binding potential for carbon,1992,638,https://doi.org/10.1088/0953-8984/4/28/006,diamond molecular dynamics carbon sp3,C. H. Xu; CZ Wang; Che Ting Chan; K. M. Ho
https://doi.org/10.1023/a:1006301010014,"Soil carbon cycling in a temperate forest: radiocarbon-based estimates of residence times, sequestration rates and partitioning of fluxes",2000,630,https://doi.org/10.1023/a:1006301010014,carbon isotope analysis biomass radiocarbon,Julia B. Gaudinski; Susan Trumbore; Eric A. Davidson; Shuhui Zheng
https://doi.org/10.1002/adma.201102421,Polymers with Tailored Electronic Structure for High Capacity Lithium Battery Electrodes,2011,578,https://doi.org/10.1002/adma.201102421,carbon materials battery electronic structure,Gao Liu; Shidi Xun; Nenad Vukmirović; Xiangyun Song; P. Olalde-Velasco; Honghe Zheng; Vince S. Battaglia; Lin‐Wang Wang
https://doi.org/10.1002/adma.201402962,Surface and Interface Engineering of Electrode Materials for Lithium‐Ion Batteries,2014,549,https://doi.org/10.1002/adma.201402962,carbon materials battery electronic structure,Kai‐Xue Wang; Xin‐Hao Li; Jie‐Sheng Chen
https://doi.org/10.1016/j.nanoen.2016.04.043,Rice husk-derived hierarchical silicon/nitrogen-doped carbon/carbon nanotube spheres as low-cost and high-capacity anodes for lithium-ion batteries,2016,531,https://doi.org/10.1016/j.nanoen.2016.04.043,carbon materials battery electronic structure,Yichi Zhang; Ya You; Sen Xin; Ya‐Xia Yin; Juan Zhang; Ping Wang; Xinsheng Zheng; Feifei Cao
https://doi.org/10.1016/j.jpowsour.2020.229321,A review of current collectors for lithium-ion batteries,2020,524,https://doi.org/10.1016/j.jpowsour.2020.229321,carbon materials battery electronic structure,Pengcheng Zhu; Dominika Gastol; Jean E. Marshall; Roberto Peter Zygmunt Sommerville; Vannessa Goodship; Emma Kendrick
https://doi.org/10.1029/93gb00468,Comparison of carbon dynamics in tropical and temperate soils using radiocarbon measurements,1993,446,https://doi.org/10.1029/93gb00468,carbon isotope analysis biomass radiocarbon,Susan Trumbore
https://doi.org/10.1063/1.4948245,Tutorial: Defects in semiconductors—Combining experiment and theory,2016,443,https://doi.org/10.1063/1.4948245,density functional theory diamond carbon defects,Audrius Alkauskas; Matthew D. McCluskey; Chris G. Van de Walle
https://doi.org/10.1088/0965-0393/13/1/r01,Designing meaningful density functional theory calculations in materials science—a primer,2004,439,https://doi.org/10.1088/0965-0393/13/1/r01,density functional theory diamond carbon defects,Ann E. Mattsson; Peter A. Schultz; M. P. Desjarlais; Thomas R. Mattsson; Kevin Leung
https://doi.org/10.3390/nano11040967,"Carbon Nanomaterials: Synthesis, Functionalization and Sensing Applications",2021,422,https://doi.org/10.3390/nano11040967,density functional theory diamond carbon defects,G. Speranza
https://doi.org/10.1046/j.1365-3040.2000.00575.x,Relative humidity‐ and ABA‐induced variation in carbon and oxygen isotope ratios of cotton leaves,2000,412,https://doi.org/10.1046/j.1365-3040.2000.00575.x,carbon isotope analysis biomass radiocarbon,Margaret M. Barbour; Graham D. Farquhar
https://doi.org/10.5194/bg-8-3457-2011,Carbon allocation and carbon isotope fluxes in the plant-soil-atmosphere continuum: a review,2011,409,https://doi.org/10.5194/bg-8-3457-2011,carbon isotope analysis biomass radiocarbon,Nicolas Brüggemann; Arthur Geßler; Zachary Eric Kayler; Sonja G. Keel; Franz‐W. Badeck; Matti Barthel; Pascal Boeckx; Nina C. Buchmann
https://doi.org/10.1088/0953-8984/21/36/364221,"Chemical vapour deposition synthetic diamond: materials, technology and applications",2009,387,https://doi.org/10.1088/0953-8984/21/36/364221,HPHT diamond graphite phase diagram synthesis,R S Balmer; J R Brandon; S L Clewes; H K Dhillon; J M Dodson; I Friel; P N Inglis; T D Madgwick
https://doi.org/10.1021/jp510274e,Development of a ReaxFF Potential for Carbon Condensed Phases and Its Application to the Thermal Fragmentation of a Large Fullerene,2015,341,https://doi.org/10.1021/jp510274e,density functional theory diamond carbon defects,Sriram Goverapet Srinivasan; Adri C. T. van Duin; Panchapakesan Ganesh
https://doi.org/10.1103/physrevlett.84.5160,Theoretical Strength and Cleavage of Diamond,2000,334,https://doi.org/10.1103/physrevlett.84.5160,density functional theory diamond carbon defects,Robert H. Telling; Chris J. Pickard; Mike C. Payne; John Edwin Field
https://doi.org/10.1038/nphoton.2017.119,Tunable room-temperature single-photon emission at telecom wavelengths from sp3 defects in carbon nanotubes,2017,324,https://doi.org/10.1038/nphoton.2017.119,diamond molecular dynamics carbon sp3,Xiaowei He; Nicolai F. Hartmann; Xuedan Ma; Younghee Kim; Rachelle Ihly; Jeffrey L. Blackburn; Weilu Gao; Junichiro Kono
https://doi.org/10.1038/srep44462,Ion bombardment induced buried lateral growth: the key mechanism for the synthesis of single crystal diamond wafers,2017,268,https://doi.org/10.1038/srep44462,HPHT diamond graphite phase diagram synthesis,M. Schreck; S. Gsell; Rosaria Brescia; Martin Fischer
https://doi.org/10.1016/s1369-7021(06)71791-6,Diamond-like carbon for data and beer storage,2006,266,https://doi.org/10.1016/s1369-7021(06)71791-6,diamond molecular dynamics carbon sp3,Cinzia Casiraghi; John Robertson; Andrea Carlo Ferrari
https://doi.org/10.1088/0034-4885/75/12/126505,The mechanical and strength properties of diamond,2012,258,https://doi.org/10.1088/0034-4885/75/12/126505,HPHT diamond graphite phase diagram synthesis,John Edwin Field
https://doi.org/10.1351/pac199466091789,Diamond-like carbon,1994,242,https://doi.org/10.1351/pac199466091789,diamond molecular dynamics carbon sp3,John Robertson
https://doi.org/10.1038/s41586-022-04863-2,Coherent interfaces govern direct transformation from graphite to diamond,2022,221,https://doi.org/10.1038/s41586-022-04863-2,HPHT diamond graphite phase diagram synthesis,Kun Luo; Bing Liu; Wentao Hu; Xiao Yi Dong; Yanbin Wang; Quan Sheng Huang; Yufei Gao; Lei Sun
https://doi.org/10.1063/1.4868128,Perfect alignment and preferential orientation of nitrogen-vacancy centers during chemical vapor deposition diamond growth on (111) surfaces,2014,203,https://doi.org/10.1063/1.4868128,diamond CVD growth methane hydrogen defects,Julia Michl; Tokuyuki Teraji; Sebastian Zaiser; Ingmar Jakobi; G. Waldherr; Florian Dolde; Philipp Neumann; Marcus W. Doherty
https://doi.org/10.1038/s41586-021-04122-w,Synthesis of paracrystalline diamond,2021,198,https://doi.org/10.1038/s41586-021-04122-w,diamond molecular dynamics carbon sp3,Hu Tang; Xiaohong Yuan; Yong Cheng; Hongzhan Fei; Fuyang Liu; Tao Liang; Zhidan Zeng; Takayuki Ishii
https://doi.org/10.1038/srep14789,Germanium: a new catalyst for diamond synthesis and a new optically active impurity in diamond,2015,194,https://doi.org/10.1038/srep14789,HPHT diamond graphite phase diagram synthesis,Yuri N. Palyanov; Igor N. Kupriyanov; Yuri M. Borzdov; Nikolay V. Surovtsev
https://doi.org/10.1088/0022-3727/40/20/s04,High quality MPACVD diamond single crystal growth: high microwave power density regime,2007,192,https://doi.org/10.1088/0022-3727/40/20/s04,diamond CVD growth methane hydrogen defects,Jocelyn Achard; François Silva; Alexandre Tallaire; X. Bonnin; G. Lombardi; K. Hassouni; A. Gicquel
https://doi.org/10.1016/j.progsurf.2021.100613,Surface transfer doping of diamond: A review,2021,185,https://doi.org/10.1016/j.progsurf.2021.100613,HPHT diamond graphite phase diagram synthesis,Kevin G. Crawford; Isha Maini; David A. Macdonald; David A. J. Moran
https://doi.org/10.1016/0925-9635(93)90266-5,Diamond radiation detectors,1993,183,https://doi.org/10.1016/0925-9635(93)90266-5,diamond radiation detector materials,Don R. Kania; Maurice I. Landstrass; Mary Anne Plano; Lina Pan; Sung Ju Han
https://doi.org/10.1016/j.triboint.2012.06.027,Wear mechanism of diamond tools against single crystal silicon in single point diamond turning process,2012,181,https://doi.org/10.1016/j.triboint.2012.06.027,diamond molecular dynamics carbon sp3,Saurav Goel; Xichun Luo; Robert L. Reuben
https://doi.org/10.1038/s41467-021-24185-7,Mn2+ induced significant improvement and robust stability of radioluminescence in Cs3Cu2I5 for high-performance nuclear battery,2021,177,https://doi.org/10.1038/s41467-021-24185-7,betavoltaic nuclear battery semiconductor,Xiaoming Li; Jiaxin Chen; Dandan Yang; Xi Chen; Dongling Geng; Lianfu Jiang; Ye Wu; Cuifang Meng
https://doi.org/10.1103/physrevlett.120.166101,Growth Mechanism and Origin of High sp3 Content in Tetrahedral Amorphous Carbon,2018,177,https://doi.org/10.1103/physrevlett.120.166101,diamond molecular dynamics carbon sp3,A. Miguel; Volker L. Deringer; Jari Koskinen; Tomi T. Laurila; Gábor Cśanyi
https://doi.org/10.1016/j.carbon.2009.03.040,Molecular dynamics simulation of shear-induced graphitization of amorphous carbon films,2009,160,https://doi.org/10.1016/j.carbon.2009.03.040,diamond molecular dynamics carbon sp3,Tianbao Ma; Yuanzhong Hu; Hui Wang
https://doi.org/10.5741/gems.40.1.2,Identification of Synthetic Diamond Grown Using Chemical Vapor Deposition (CVD),2004,156,https://doi.org/10.5741/gems.40.1.2,diamond CVD growth methane hydrogen defects,Philip Meadows Martineau; Simon C. Lawson; Andy Taylor; Samantha J. Quinn; David J. F. Evans; Michael J. Crowder
https://doi.org/10.1557/mrs.2014.97,"CVD diamond—Research, applications, and challenges",2014,155,https://doi.org/10.1557/mrs.2014.97,diamond CVD growth methane hydrogen defects,R. J. Nemanich; John A. Carlisle; Atsushi Hirata; Ken Haenen
https://doi.org/10.1016/j.carbon.2021.04.025,"Femtosecond laser micromachining of diamond: Current research status, applications and challenges",2021,148,https://doi.org/10.1016/j.carbon.2021.04.025,HPHT diamond graphite phase diagram synthesis,Bakhtiar Ali; I. V. Litvinyuk; Maksym Rybachuk
https://doi.org/10.1002/rcm.7078,Calcined bone provides a reliable substrate for strontium isotope ratios as shown by an enrichment experiment,2014,144,https://doi.org/10.1002/rcm.7078,cremated bone carbon isotope analysis,Christophe Snoeck; Julia A. Lee‐Thorp; Rick  J. Schulting; Jeroen de Jong; Wendy Debouge; Nadine Mattielli
https://doi.org/10.1016/j.jmrt.2013.03.004,Cubic boron nitride competing with diamond as a superhard engineering material – an overview,2013,140,https://doi.org/10.1016/j.jmrt.2013.03.004,HPHT diamond graphite phase diagram synthesis,Sérgio Neves Monteiro; Ana Lúcia Diegues Skury; Márcia Giardinieri de Azevedo; Guerold S. Bobrovnitchii
https://doi.org/10.1103/physrevd.99.123005,Diamond detectors for direct detection of sub-GeV dark matter,2019,136,https://doi.org/10.1103/physrevd.99.123005,diamond radiation detector materials,Noah Kurinsky; To Chin Yu; Yonit Hochberg; Blas Cabrera
https://doi.org/10.1017/rdc.2015.2,AMS 14C Dating at the Scottish Universities Environmental Research Centre (SUERC) Radiocarbon Dating Laboratory,2016,135,https://doi.org/10.1017/rdc.2015.2,cremated bone carbon isotope analysis,Elaine Dunbar; Gordon Cook; Philip Naysmith; Brian G Tripney; Sheng Xu
https://doi.org/10.1063/1.4869103,Perfect preferential orientation of nitrogen-vacancy defects in a synthetic diamond sample,2014,133,https://doi.org/10.1063/1.4869103,diamond CVD growth methane hydrogen defects,M. Lesik; J.-P. Tetienne; A. Tallaire; J. Achard; V. Mille; A. Gicquel; J.-F. Roch; V. Jacques
https://doi.org/10.1016/j.jas.2007.06.011,Characterisation and blind testing of radiocarbon dating of cremated bone,2007,120,https://doi.org/10.1016/j.jas.2007.06.011,cremated bone carbon isotope analysis,Jesper Olsen; Jan Heinemeier; Pia Bennike; Cille Krause; Karen Margrethe Hornstrup; Henrik Thrane
https://doi.org/10.1088/0034-4885/63/8/203,Diamond detectors in particle physics,2000,117,https://doi.org/10.1088/0034-4885/63/8/203,diamond radiation detector materials,R.J. Tapper
https://doi.org/10.1016/j.forsciint.2010.06.004,Research potential and limitations of trace analyses of cremated remains,2010,116,https://doi.org/10.1016/j.forsciint.2010.06.004,cremated bone carbon isotope analysis,Michaela Harbeck; Ramona Schleuder; Julius Schneider; Ingrid Wiechmann; Wolfgang Wilhelm Schmahl; Gisela Grupe
https://doi.org/10.1088/0034-4885/61/12/002,Growth and application of undoped and doped diamond films,1998,106,https://doi.org/10.1088/0034-4885/61/12/002,diamond CVD growth methane hydrogen defects,Matthias Werner; R. Locher
https://doi.org/10.1088/0268-1242/15/9/201,Recent developments of diamond detectors for particles and UV radiation,2000,104,https://doi.org/10.1088/0268-1242/15/9/201,diamond radiation detector materials,Alison Mainwood
https://doi.org/10.1017/s0033822200045628,Experimental Study on the Origin of Cremated Bone Apatite Carbon,2010,103,https://doi.org/10.1017/s0033822200045628,cremated bone carbon isotope analysis,Matthias Huels; H. Erlenkeuser; M-J Nadeau; Pieter Meiert Grootes; Nils Andersen
https://doi.org/10.1016/j.jas.2012.05.034,‘Old wood’ effect in radiocarbon dating of prehistoric cremated bones?,2012,102,https://doi.org/10.1016/j.jas.2012.05.034,cremated bone carbon isotope analysis,Jesper Olsen; Jan Heinemeier; Karen Margrethe Hornstrup; Pia Bennike; Henrik Thrane
https://doi.org/10.1017/s0033822200045616,The Carbon Origin of Structural Carbonate in Bone Apatite of Cremated Bones,2010,99,https://doi.org/10.1017/s0033822200045616,cremated bone carbon isotope analysis,Mark Van Strydonck; Mathieu Boudin; Guy De Mulder
https://doi.org/10.1371/journal.pone.0101603,Strontium Isotope Signals in Cremated Petrous Portions as Indicator for Childhood Origin,2014,97,https://doi.org/10.1371/journal.pone.0101603,cremated bone carbon isotope analysis,Lise Harvig; Karin Margarita Frei; T. Douglas Price; Niels Lynnerup
https://doi.org/10.1007/s41365-023-01359-0,Advances in nuclear detection and readout techniques,2023,96,https://doi.org/10.1007/s41365-023-01359-0,betavoltaic nuclear battery semiconductor,Rui He; Xiao-Yang Niu; Yi Wang; Hongwei Liang; Hong-Bang Liu; Y. Tian; Honglin Zhang; Chao-Jie Zou
https://doi.org/10.1080/26941112.2021.2017758,Recent progress in diamond radiation detectors,2021,93,https://doi.org/10.1080/26941112.2021.2017758,diamond radiation detector materials,Takehiro Shimaoka; Satoshi Koizumi; Jemmy Christy H; Kaneko
https://doi.org/10.1016/j.nima.2005.01.060,Recent advances in diamond detector development,2005,90,https://doi.org/10.1016/j.nima.2005.01.060,diamond radiation detector materials,H. Kagan
https://doi.org/10.1016/j.jare.2024.09.013,CVD diamond processing tools: A review,2024,80,https://doi.org/10.1016/j.jare.2024.09.013,diamond CVD growth methane hydrogen defects,Zhenfei Guo; Bing Guo; Jufan Zhang; Guicheng Wu; Huan Zhao; Jianfei Jia; Qingyu Meng; Qingliang Zhao
https://doi.org/10.1088/2633-4356/abd88a,Characterisation of CVD diamond with high concentrations of nitrogen for magnetic-field sensing applications,2021,80,https://doi.org/10.1088/2633-4356/abd88a,diamond CVD growth methane hydrogen defects,Andrew M. Edmonds; Connor Hart; Matthew J. Turner; Pierre-Olivier Colard; Jennifer M. Schloss; Kevin Olsson; Raisa Trubko; Matthew Markham
https://doi.org/10.1016/j.diamond.2006.11.099,Improving diamond detectors: A device case,2007,78,https://doi.org/10.1016/j.diamond.2006.11.099,diamond radiation detector materials,Philippe Bergonzo; Dominique Tromson; Caroline Descamps; H. Hamrita; C. Mer; N. Tranchant; Miloš Nesládek
https://doi.org/10.1016/0168-9002(95)00545-5,Radiation hardness studies of CVD diamond detectors,1995,78,https://doi.org/10.1016/0168-9002(95)00545-5,diamond radiation detector materials,C. Bauer; In﻿go Baumann; C. Colledani; J. Conway; Pierre Delpierre; F. Djama; W. Dulinski; A. Fallou
https://doi.org/10.1149/2162-8777/abe423,"Review—Betavoltaic Cell: The Past, Present, and Future",2021,76,https://doi.org/10.1149/2162-8777/abe423,betavoltaic nuclear battery semiconductor,Chunlin Zhou; Jinsong Zhang; Xu Wang; Yushu Yang; Pan Xu; Peixian Li; Lu Zhang; Zhiyuan Chen
https://doi.org/10.1021/acs.jpcc.3c00684,Betavoltaic Nuclear Battery: A Review of Recent Progress and Challenges as an Alternative Energy Source,2023,75,https://doi.org/10.1021/acs.jpcc.3c00684,betavoltaic nuclear battery semiconductor,Muhammad Bilal Naseem; Hong Soo Kim; Jun-Ho Lee; Chol Hyun Kim; Su‐Il In
https://doi.org/10.1007/s11431-012-4752-6,Optimization design and analysis of Si-63Ni betavoltaic battery,2012,68,https://doi.org/10.1007/s11431-012-4752-6,betavoltaic nuclear battery semiconductor,Xiaobin Tang; Ding Ding; Yunpeng Liu; Da Chen
https://doi.org/10.1038/s41598-019-47371-6,Optimal Semiconductors for 3H and 63Ni Betavoltaics,2019,66,https://doi.org/10.1038/s41598-019-47371-6,betavoltaic nuclear battery semiconductor,Sergey I. Maximenko; Jim E. Moore; Chaffra A. Affouda; Phillip P. Jenkins
https://doi.org/10.1016/j.carbon.2020.09.019,A review of surface functionalisation of diamond for thermionic emission applications,2020,58,https://doi.org/10.1016/j.carbon.2020.09.019,carbon 14 diamond betavoltaic battery,Michael C. James; Fabian Fogarty; Ramiz Zulkharnay; Neil A. Fox; Paul William May
https://doi.org/10.1016/j.apradiso.2013.05.010,Design and simulation of GaN based Schottky betavoltaic nuclear micro-battery,2013,58,https://doi.org/10.1016/j.apradiso.2013.05.010,betavoltaic nuclear battery semiconductor,Haisheng San; Shulin Yao; Xiang Wang; Zaijun Cheng; Xuyuan Chen
https://doi.org/10.1088/0256-307x/25/10/076,Demonstration of a 4H SiC Betavoltaic Nuclear Battery Based on Schottky Barrier Diode,2008,54,https://doi.org/10.1088/0256-307x/25/10/076,betavoltaic nuclear battery semiconductor,Dayong Qiao; Yuan Wei-zheng; Gao Peng; Yao Xian-wang; Zang Bo; Zhang Lin; Hui Yong Guo; Hongjian Zhang
https://doi.org/10.3390/mi9040148,Advanced Fabrication of Single-Crystal Diamond Membranes for Quantum Technologies,2018,43,https://doi.org/10.3390/mi9040148,carbon 14 diamond betavoltaic battery,Michel Challier; Selda Sonuşen; Arne Barfuss; Dominik Rohner; Daniel Riedel; Johannes Koelbl; Marc Ganzhorn; Patrick Appel
https://doi.org/10.4236/gep.2021.93007,"Linear Global Temperature Correlation to Carbon Dioxide Level, Sea Level, and Innovative Solutions to a Projected 6°C Warming by 2100",2021,36,https://doi.org/10.4236/gep.2021.93007,carbon 14 diamond betavoltaic battery,Thomas F. Valone
https://doi.org/10.1116/1.581031,Tritiated amorphous silicon films and devices,1998,33,https://doi.org/10.1116/1.581031,carbon 14 diamond betavoltaic battery,Tome Kosteski; Nazir P. Kherani; Franco Gaspari; S. Źükotyński; Walter T. Shmayda
https://doi.org/10.1016/j.mtener.2021.100688,A diamond gammavoltaic cell utilizing surface conductivity and its response to different photon interaction mechanisms,2021,14,https://doi.org/10.1016/j.mtener.2021.100688,carbon 14 diamond betavoltaic battery,Robbie Mackenzie; Suresh Kaluvan; Peter George Martin; Chris Hutson; Thomas Connolley; Mattia Cattelan; Hugo Dominguez Andrade; Tomas L. Martin
https://doi.org/10.1038/s43246-023-00360-9,Isoelectronic aluminum-doped gallium nitride alpha-voltaic cell with efficiency exceeding 4.5%,2023,12,https://doi.org/10.1038/s43246-023-00360-9,carbon 14 diamond betavoltaic battery,Runlong Gao; Linyue Liu; Xiaochuan Xia; Pengying Wan; Xiao Ouyang; Wuying Ma; Xinlei Geng; Hongyun Wang
https://doi.org/10.1002/smll.202405408,Enhanced Electron Emission Performance and Air‐Surface Stability in ScO‐Terminated Diamond for Thermionic Energy Converters,2024,11,https://doi.org/10.1002/smll.202405408,carbon 14 diamond betavoltaic battery,Ramiz Zulkharnay; Neil A. Fox; Paul William May
https://doi.org/10.1002/cnl2.70039,Research Progress on Radiation Volt‐Effect Isotope Cells,2025,7,https://doi.org/10.1002/cnl2.70039,carbon 14 diamond betavoltaic battery,Qiannan Zhao; Zhenxuan Liu; Kaifu Huo; Wenguang Zhang; Bo Xiao; Yuchen Xiong; Yihuai Huang; Changkai Huang
