doi,titulo_candidato,ano_candidato,tema,url,status,titulo_crossref,periodico,ano_crossref,tipo,acesso
10.1073/pnas.1004933107,Carbon isotope compositions of terrestrial C3 plants as indicators of (paleo)ecology and (paleo)climate,2010,carbon isotope analysis biomass radiocarbon,https://doi.org/10.1073/pnas.1004933107,validado,Carbon isotope compositions of terrestrial C3 plants as indicators of (paleo)ecology and (paleo)climate,Proceedings of the National Academy of Sciences,2010,journal-article,manual
10.1103/revmodphys.92.015004,Sensitivity optimization for NV-diamond magnetometry,2020,density functional theory diamond carbon defects,https://doi.org/10.1103/revmodphys.92.015004,validado,Sensitivity optimization for NV-diamond magnetometry,Reviews of Modern Physics,2020,journal-article,manual
10.1088/0957-4484/11/2/305,Thermal conductivity of carbon nanotubes,2000,density functional theory diamond carbon defects,https://doi.org/10.1088/0957-4484/11/2/305,validado,Thermal conductivity of carbon nanotubes,Nanotechnology,2000,journal-article,manual
10.1890/1051-0761(2000)010[0399:aosoma]2.0.co;2,AGE OF SOIL ORGANIC MATTER AND SOIL RESPIRATION: RADIOCARBON CONSTRAINTS ON BELOWGROUND C DYNAMICS,2000,carbon isotope analysis biomass radiocarbon,https://doi.org/10.1890/1051-0761(2000)010[0399:aosoma]2.0.co;2,validado,AGE OF SOIL ORGANIC MATTER AND SOIL RESPIRATION: RADIOCARBON CONSTRAINTS ON BELOWGROUND C DYNAMICS,Ecological Applications,2000,journal-article,manual
10.2458/azu_js_rc.v55i2.16177,Atmospheric Radiocarbon for the Period 1950–2010,2013,carbon isotope analysis biomass radiocarbon,https://doi.org/10.2458/azu_js_rc.v55i2.16177,validado,Atmospheric Radiocarbon for the Period 1950–2010,Radiocarbon,2013,journal-article,manual
10.1039/c1ee01263k,Understanding and recent development of carbon coating on LiFePO 4 cathode materials for lithium-ion batteries,2011,carbon materials battery electronic structure,https://doi.org/10.1039/c1ee01263k,validado,"Understanding and recent development of carbon coating on LiFePO
                    <sub>4</sub>
                    cathode materials for lithium-ion batteries",Energy Environ. Sci.,2012,journal-article,manual
10.1021/acs.nanolett.5b00367,Understanding the Anchoring Effect of Two-Dimensional Layered Materials for Lithium–Sulfur Batteries,2015,carbon materials battery electronic structure,https://doi.org/10.1021/acs.nanolett.5b00367,validado,Understanding the Anchoring Effect of Two-Dimensional Layered Materials for Lithium–Sulfur Batteries,Nano Letters,2015,journal-article,manual
10.1073/pnas.1003052107,Quantum computing with defects,2010,density functional theory diamond carbon defects,https://doi.org/10.1073/pnas.1003052107,validado,Quantum computing with defects,Proceedings of the National Academy of Sciences,2010,journal-article,manual
10.1002/adfm.200601152,Synthesis of Hierarchically Porous Carbon Monoliths with Highly Ordered Microstructure and Their Application in Rechargeable Lithium Batteries with High‐Rate Capability,2007,carbon materials battery electronic structure,https://doi.org/10.1002/adfm.200601152,validado,Synthesis of Hierarchically Porous Carbon Monoliths with Highly Ordered Microstructure and Their Application in Rechargeable Lithium Batteries with High‐Rate Capability,Advanced Functional Materials,2007,journal-article,manual
10.1002/aenm.201702434,3D Amorphous Carbon with Controlled Porous and Disordered Structures as a High‐Rate Anode Material for Sodium‐Ion Batteries,2017,carbon materials battery electronic structure,https://doi.org/10.1002/aenm.201702434,validado,3D Amorphous Carbon with Controlled Porous and Disordered Structures as a High‐Rate Anode Material for Sodium‐Ion Batteries,Advanced Energy Materials,2018,journal-article,manual
10.1111/nph.12423,Environmental and physiological determinants of carbon isotope discrimination in terrestrial plants,2013,carbon isotope analysis biomass radiocarbon,https://doi.org/10.1111/nph.12423,validado,Environmental and physiological determinants of carbon isotope discrimination in terrestrial plants,New Phytologist,2013,journal-article,manual
10.1088/0953-8984/4/28/006,A transferable tight-binding potential for carbon,1992,diamond molecular dynamics carbon sp3,https://doi.org/10.1088/0953-8984/4/28/006,validado,A transferable tight-binding potential for carbon,Journal of Physics: Condensed Matter,1992,journal-article,manual
10.1023/a:1006301010014,"Soil carbon cycling in a temperate forest: radiocarbon-based estimates of residence times, sequestration rates and partitioning of fluxes",2000,carbon isotope analysis biomass radiocarbon,https://doi.org/10.1023/a:1006301010014,validado,"Soil carbon cycling in a temperate forest: radiocarbon-based estimates of residence times, sequestration rates and partitioning of fluxes",Biogeochemistry,2000,journal-article,manual
10.1002/adma.201102421,Polymers with Tailored Electronic Structure for High Capacity Lithium Battery Electrodes,2011,carbon materials battery electronic structure,https://doi.org/10.1002/adma.201102421,validado,Polymers with Tailored Electronic Structure for High Capacity Lithium Battery Electrodes,Advanced Materials,2011,journal-article,manual
10.1002/adma.201402962,Surface and Interface Engineering of Electrode Materials for Lithium‐Ion Batteries,2014,carbon materials battery electronic structure,https://doi.org/10.1002/adma.201402962,validado,Surface and Interface Engineering of Electrode Materials for Lithium‐Ion Batteries,Advanced Materials,2015,journal-article,manual
10.1016/j.nanoen.2016.04.043,Rice husk-derived hierarchical silicon/nitrogen-doped carbon/carbon nanotube spheres as low-cost and high-capacity anodes for lithium-ion batteries,2016,carbon materials battery electronic structure,https://doi.org/10.1016/j.nanoen.2016.04.043,validado,Rice husk-derived hierarchical silicon/nitrogen-doped carbon/carbon nanotube spheres as low-cost and high-capacity anodes for lithium-ion batteries,Nano Energy,2016,journal-article,manual
10.1016/j.jpowsour.2020.229321,A review of current collectors for lithium-ion batteries,2020,carbon materials battery electronic structure,https://doi.org/10.1016/j.jpowsour.2020.229321,validado,A review of current collectors for lithium-ion batteries,Journal of Power Sources,2021,journal-article,manual
10.1029/93gb00468,Comparison of carbon dynamics in tropical and temperate soils using radiocarbon measurements,1993,carbon isotope analysis biomass radiocarbon,https://doi.org/10.1029/93gb00468,validado,Comparison of carbon dynamics in tropical and temperate soils using radiocarbon measurements,Global Biogeochemical Cycles,1993,journal-article,manual
10.1063/1.4948245,Tutorial: Defects in semiconductors—Combining experiment and theory,2016,density functional theory diamond carbon defects,https://doi.org/10.1063/1.4948245,validado,Tutorial: Defects in semiconductors—Combining experiment and theory,Journal of Applied Physics,2016,journal-article,manual
10.1088/0965-0393/13/1/r01,Designing meaningful density functional theory calculations in materials science—a primer,2004,density functional theory diamond carbon defects,https://doi.org/10.1088/0965-0393/13/1/r01,validado,Designing meaningful density functional theory calculations in materials science—a primer,Modelling and Simulation in Materials Science and Engineering,2005,journal-article,manual
10.3390/nano11040967,"Carbon Nanomaterials: Synthesis, Functionalization and Sensing Applications",2021,density functional theory diamond carbon defects,https://doi.org/10.3390/nano11040967,validado,"Carbon Nanomaterials: Synthesis, Functionalization and Sensing Applications",Nanomaterials,2021,journal-article,manual
10.1046/j.1365-3040.2000.00575.x,Relative humidity‐ and ABA‐induced variation in carbon and oxygen isotope ratios of cotton leaves,2000,carbon isotope analysis biomass radiocarbon,https://doi.org/10.1046/j.1365-3040.2000.00575.x,validado,Relative humidity‐ and ABA‐induced variation in carbon and oxygen isotope ratios of cotton leaves,"Plant, Cell &amp; Environment",2000,journal-article,manual
10.5194/bg-8-3457-2011,Carbon allocation and carbon isotope fluxes in the plant-soil-atmosphere continuum: a review,2011,carbon isotope analysis biomass radiocarbon,https://doi.org/10.5194/bg-8-3457-2011,validado,Carbon allocation and carbon isotope fluxes in the plant-soil-atmosphere continuum: a review,Biogeosciences,2011,journal-article,manual
10.1088/0953-8984/21/36/364221,"Chemical vapour deposition synthetic diamond: materials, technology and applications",2009,HPHT diamond graphite phase diagram synthesis,https://doi.org/10.1088/0953-8984/21/36/364221,validado,"Chemical vapour deposition synthetic diamond: materials, technology and applications",Journal of Physics: Condensed Matter,2009,journal-article,manual
10.1021/jp510274e,Development of a ReaxFF Potential for Carbon Condensed Phases and Its Application to the Thermal Fragmentation of a Large Fullerene,2015,density functional theory diamond carbon defects,https://doi.org/10.1021/jp510274e,validado,Development of a ReaxFF Potential for Carbon Condensed Phases and Its Application to the Thermal Fragmentation of a Large Fullerene,The Journal of Physical Chemistry A,2015,journal-article,manual
10.1103/physrevlett.84.5160,Theoretical Strength and Cleavage of Diamond,2000,density functional theory diamond carbon defects,https://doi.org/10.1103/physrevlett.84.5160,validado,Theoretical Strength and Cleavage of Diamond,Physical Review Letters,2000,journal-article,manual
10.1038/nphoton.2017.119,Tunable room-temperature single-photon emission at telecom wavelengths from sp3 defects in carbon nanotubes,2017,diamond molecular dynamics carbon sp3,https://doi.org/10.1038/nphoton.2017.119,validado,Tunable room-temperature single-photon emission at telecom wavelengths from sp3 defects in carbon nanotubes,Nature Photonics,2017,journal-article,manual
10.1038/srep44462,Ion bombardment induced buried lateral growth: the key mechanism for the synthesis of single crystal diamond wafers,2017,HPHT diamond graphite phase diagram synthesis,https://doi.org/10.1038/srep44462,validado,Ion bombardment induced buried lateral growth: the key mechanism for the synthesis of single crystal diamond wafers,Scientific Reports,2017,journal-article,manual
10.1016/s1369-7021(06)71791-6,Diamond-like carbon for data and beer storage,2006,diamond molecular dynamics carbon sp3,https://doi.org/10.1016/s1369-7021(06)71791-6,validado,Diamond-like carbon for data and beer storage,Materials Today,2007,journal-article,manual
10.1088/0034-4885/75/12/126505,The mechanical and strength properties of diamond,2012,HPHT diamond graphite phase diagram synthesis,https://doi.org/10.1088/0034-4885/75/12/126505,validado,The mechanical and strength properties of diamond,Reports on Progress in Physics,2012,journal-article,manual
10.1351/pac199466091789,Diamond-like carbon,1994,diamond molecular dynamics carbon sp3,https://doi.org/10.1351/pac199466091789,validado,Diamond-like carbon,Pure and Applied Chemistry,1994,journal-article,manual
10.1038/s41586-022-04863-2,Coherent interfaces govern direct transformation from graphite to diamond,2022,HPHT diamond graphite phase diagram synthesis,https://doi.org/10.1038/s41586-022-04863-2,validado,Coherent interfaces govern direct transformation from graphite to diamond,Nature,2022,journal-article,manual
10.1063/1.4868128,Perfect alignment and preferential orientation of nitrogen-vacancy centers during chemical vapor deposition diamond growth on (111) surfaces,2014,diamond CVD growth methane hydrogen defects,https://doi.org/10.1063/1.4868128,validado,Perfect alignment and preferential orientation of nitrogen-vacancy centers during chemical vapor deposition diamond growth on (111) surfaces,Applied Physics Letters,2014,journal-article,manual
10.1038/s41586-021-04122-w,Synthesis of paracrystalline diamond,2021,diamond molecular dynamics carbon sp3,https://doi.org/10.1038/s41586-021-04122-w,validado,Synthesis of paracrystalline diamond,Nature,2021,journal-article,manual
10.1038/srep14789,Germanium: a new catalyst for diamond synthesis and a new optically active impurity in diamond,2015,HPHT diamond graphite phase diagram synthesis,https://doi.org/10.1038/srep14789,validado,Germanium: a new catalyst for diamond synthesis and a new optically active impurity in diamond,Scientific Reports,2015,journal-article,manual
10.1088/0022-3727/40/20/s04,High quality MPACVD diamond single crystal growth: high microwave power density regime,2007,diamond CVD growth methane hydrogen defects,https://doi.org/10.1088/0022-3727/40/20/s04,validado,High quality MPACVD diamond single crystal growth: high microwave power density regime,Journal of Physics D: Applied Physics,2007,journal-article,manual
10.1016/j.progsurf.2021.100613,Surface transfer doping of diamond: A review,2021,HPHT diamond graphite phase diagram synthesis,https://doi.org/10.1016/j.progsurf.2021.100613,validado,Surface transfer doping of diamond: A review,Progress in Surface Science,2021,journal-article,manual
10.1016/0925-9635(93)90266-5,Diamond radiation detectors,1993,diamond radiation detector materials,https://doi.org/10.1016/0925-9635(93)90266-5,validado,Diamond radiation detectors,Diamond and Related Materials,1993,journal-article,manual
10.1016/j.triboint.2012.06.027,Wear mechanism of diamond tools against single crystal silicon in single point diamond turning process,2012,diamond molecular dynamics carbon sp3,https://doi.org/10.1016/j.triboint.2012.06.027,validado,Wear mechanism of diamond tools against single crystal silicon in single point diamond turning process,Tribology International,2013,journal-article,manual
10.1038/s41467-021-24185-7,Mn2+ induced significant improvement and robust stability of radioluminescence in Cs3Cu2I5 for high-performance nuclear battery,2021,betavoltaic nuclear battery semiconductor,https://doi.org/10.1038/s41467-021-24185-7,validado,Mn2+ induced significant improvement and robust stability of radioluminescence in Cs3Cu2I5 for high-performance nuclear battery,Nature Communications,2021,journal-article,manual
10.1103/physrevlett.120.166101,Growth Mechanism and Origin of High sp3 Content in Tetrahedral Amorphous Carbon,2018,diamond molecular dynamics carbon sp3,https://doi.org/10.1103/physrevlett.120.166101,validado,"Growth Mechanism and Origin of High 
<mml:math xmlns:mml=""http://www.w3.org/1998/Math/MathML"" display=""inline""><mml:mi>s</mml:mi><mml:msup><mml:mi>p</mml:mi><mml:mn>3</mml:mn></mml:msup></mml:math>
 Content in Tetrahedral Amorphous Carbon",Physical Review Letters,2018,journal-article,manual
10.1016/j.carbon.2009.03.040,Molecular dynamics simulation of shear-induced graphitization of amorphous carbon films,2009,diamond molecular dynamics carbon sp3,https://doi.org/10.1016/j.carbon.2009.03.040,validado,Molecular dynamics simulation of shear-induced graphitization of amorphous carbon films,Carbon,2009,journal-article,manual
10.5741/gems.40.1.2,Identification of Synthetic Diamond Grown Using Chemical Vapor Deposition (CVD),2004,diamond CVD growth methane hydrogen defects,https://doi.org/10.5741/gems.40.1.2,validado,Identification of Synthetic Diamond Grown Using Chemical Vapor Deposition (CVD),Gems &amp; Gemology,2004,journal-article,manual
10.1557/mrs.2014.97,"CVD diamond—Research, applications, and challenges",2014,diamond CVD growth methane hydrogen defects,https://doi.org/10.1557/mrs.2014.97,validado,"CVD diamond—Research, applications, and challenges",MRS Bulletin,2014,journal-article,manual
10.1016/j.carbon.2021.04.025,"Femtosecond laser micromachining of diamond: Current research status, applications and challenges",2021,HPHT diamond graphite phase diagram synthesis,https://doi.org/10.1016/j.carbon.2021.04.025,validado,"Femtosecond laser micromachining of diamond: Current research status, applications and challenges",Carbon,2021,journal-article,manual
10.1002/rcm.7078,Calcined bone provides a reliable substrate for strontium isotope ratios as shown by an enrichment experiment,2014,cremated bone carbon isotope analysis,https://doi.org/10.1002/rcm.7078,validado,Calcined bone provides a reliable substrate for strontium isotope ratios as shown by an enrichment experiment,Rapid Communications in Mass Spectrometry,2015,journal-article,manual
10.1016/j.jmrt.2013.03.004,Cubic boron nitride competing with diamond as a superhard engineering material – an overview,2013,HPHT diamond graphite phase diagram synthesis,https://doi.org/10.1016/j.jmrt.2013.03.004,validado,Cubic boron nitride competing with diamond as a superhard engineering material – an overview,Journal of Materials Research and Technology,2013,journal-article,manual
10.1103/physrevd.99.123005,Diamond detectors for direct detection of sub-GeV dark matter,2019,diamond radiation detector materials,https://doi.org/10.1103/physrevd.99.123005,validado,Diamond detectors for direct detection of sub-GeV dark matter,Physical Review D,2019,journal-article,manual
10.1017/rdc.2015.2,AMS 14C Dating at the Scottish Universities Environmental Research Centre (SUERC) Radiocarbon Dating Laboratory,2016,cremated bone carbon isotope analysis,https://doi.org/10.1017/rdc.2015.2,validado,AMS <sup>14</sup>C Dating at the Scottish Universities Environmental Research Centre (SUERC) Radiocarbon Dating Laboratory,Radiocarbon,2016,journal-article,manual
10.1063/1.4869103,Perfect preferential orientation of nitrogen-vacancy defects in a synthetic diamond sample,2014,diamond CVD growth methane hydrogen defects,https://doi.org/10.1063/1.4869103,validado,Perfect preferential orientation of nitrogen-vacancy defects in a synthetic diamond sample,Applied Physics Letters,2014,journal-article,manual
10.1016/j.jas.2007.06.011,Characterisation and blind testing of radiocarbon dating of cremated bone,2007,cremated bone carbon isotope analysis,https://doi.org/10.1016/j.jas.2007.06.011,validado,Characterisation and blind testing of radiocarbon dating of cremated bone,Journal of Archaeological Science,2008,journal-article,manual
10.1088/0034-4885/63/8/203,Diamond detectors in particle physics,2000,diamond radiation detector materials,https://doi.org/10.1088/0034-4885/63/8/203,validado,Diamond detectors in particle physics,Reports on Progress in Physics,2000,journal-article,manual
10.1016/j.forsciint.2010.06.004,Research potential and limitations of trace analyses of cremated remains,2010,cremated bone carbon isotope analysis,https://doi.org/10.1016/j.forsciint.2010.06.004,validado,Research potential and limitations of trace analyses of cremated remains,Forensic Science International,2011,journal-article,manual
10.1088/0034-4885/61/12/002,Growth and application of undoped and doped diamond films,1998,diamond CVD growth methane hydrogen defects,https://doi.org/10.1088/0034-4885/61/12/002,validado,Growth and application of undoped and doped diamond films,Reports on Progress in Physics,1998,journal-article,manual
10.1088/0268-1242/15/9/201,Recent developments of diamond detectors for particles and UV radiation,2000,diamond radiation detector materials,https://doi.org/10.1088/0268-1242/15/9/201,validado,Recent developments of diamond detectors for particles and UV radiation,Semiconductor Science and Technology,2000,journal-article,manual
10.1017/s0033822200045628,Experimental Study on the Origin of Cremated Bone Apatite Carbon,2010,cremated bone carbon isotope analysis,https://doi.org/10.1017/s0033822200045628,validado,Experimental Study on the Origin of Cremated Bone Apatite Carbon,Radiocarbon,2010,journal-article,manual
10.1016/j.jas.2012.05.034,‘Old wood’ effect in radiocarbon dating of prehistoric cremated bones?,2012,cremated bone carbon isotope analysis,https://doi.org/10.1016/j.jas.2012.05.034,validado,‘Old wood’ effect in radiocarbon dating of prehistoric cremated bones?,Journal of Archaeological Science,2013,journal-article,manual
10.1017/s0033822200045616,The Carbon Origin of Structural Carbonate in Bone Apatite of Cremated Bones,2010,cremated bone carbon isotope analysis,https://doi.org/10.1017/s0033822200045616,validado,The Carbon Origin of Structural Carbonate in Bone Apatite of Cremated Bones,Radiocarbon,2010,journal-article,manual
10.1371/journal.pone.0101603,Strontium Isotope Signals in Cremated Petrous Portions as Indicator for Childhood Origin,2014,cremated bone carbon isotope analysis,https://doi.org/10.1371/journal.pone.0101603,validado,Strontium Isotope Signals in Cremated Petrous Portions as Indicator for Childhood Origin,PLoS ONE,2014,journal-article,manual
10.1007/s41365-023-01359-0,Advances in nuclear detection and readout techniques,2023,betavoltaic nuclear battery semiconductor,https://doi.org/10.1007/s41365-023-01359-0,validado,Advances in nuclear detection and readout techniques,Nuclear Science and Techniques,2023,journal-article,manual
10.1080/26941112.2021.2017758,Recent progress in diamond radiation detectors,2021,diamond radiation detector materials,https://doi.org/10.1080/26941112.2021.2017758,validado,Recent progress in diamond radiation detectors,Functional Diamond,2021,journal-article,manual
10.1016/j.nima.2005.01.060,Recent advances in diamond detector development,2005,diamond radiation detector materials,https://doi.org/10.1016/j.nima.2005.01.060,validado,Recent advances in diamond detector development,"Nuclear Instruments and Methods in Physics Research Section A: Accelerators, Spectrometers, Detectors and Associated Equipment",2005,journal-article,manual
10.1016/j.jare.2024.09.013,CVD diamond processing tools: A review,2024,diamond CVD growth methane hydrogen defects,https://doi.org/10.1016/j.jare.2024.09.013,validado,CVD diamond processing tools: A review,Journal of Advanced Research,2025,journal-article,manual
10.1088/2633-4356/abd88a,Characterisation of CVD diamond with high concentrations of nitrogen for magnetic-field sensing applications,2021,diamond CVD growth methane hydrogen defects,https://doi.org/10.1088/2633-4356/abd88a,validado,Characterisation of CVD diamond with high concentrations of nitrogen for magnetic-field sensing applications,Materials for Quantum Technology,2021,journal-article,manual
10.1016/j.diamond.2006.11.099,Improving diamond detectors: A device case,2007,diamond radiation detector materials,https://doi.org/10.1016/j.diamond.2006.11.099,validado,Improving diamond detectors: A device case,Diamond and Related Materials,2007,journal-article,manual
10.1016/0168-9002(95)00545-5,Radiation hardness studies of CVD diamond detectors,1995,diamond radiation detector materials,https://doi.org/10.1016/0168-9002(95)00545-5,validado,Radiation hardness studies of CVD diamond detectors,"Nuclear Instruments and Methods in Physics Research Section A: Accelerators, Spectrometers, Detectors and Associated Equipment",1995,journal-article,manual
10.1149/2162-8777/abe423,"Review—Betavoltaic Cell: The Past, Present, and Future",2021,betavoltaic nuclear battery semiconductor,https://doi.org/10.1149/2162-8777/abe423,validado,"Review—Betavoltaic Cell: The Past, Present, and Future",ECS Journal of Solid State Science and Technology,2021,journal-article,manual
10.1021/acs.jpcc.3c00684,Betavoltaic Nuclear Battery: A Review of Recent Progress and Challenges as an Alternative Energy Source,2023,betavoltaic nuclear battery semiconductor,https://doi.org/10.1021/acs.jpcc.3c00684,validado,Betavoltaic Nuclear Battery: A Review of Recent Progress and Challenges as an Alternative Energy Source,The Journal of Physical Chemistry C,2023,journal-article,manual
10.1007/s11431-012-4752-6,Optimization design and analysis of Si-63Ni betavoltaic battery,2012,betavoltaic nuclear battery semiconductor,https://doi.org/10.1007/s11431-012-4752-6,validado,Optimization design and analysis of Si-63Ni betavoltaic battery,Science China Technological Sciences,2012,journal-article,manual
10.1038/s41598-019-47371-6,Optimal Semiconductors for 3H and 63Ni Betavoltaics,2019,betavoltaic nuclear battery semiconductor,https://doi.org/10.1038/s41598-019-47371-6,validado,Optimal Semiconductors for 3H and 63Ni Betavoltaics,Scientific Reports,2019,journal-article,manual
10.1016/j.carbon.2020.09.019,A review of surface functionalisation of diamond for thermionic emission applications,2020,carbon 14 diamond betavoltaic battery,https://doi.org/10.1016/j.carbon.2020.09.019,validado,A review of surface functionalisation of diamond for thermionic emission applications,Carbon,2021,journal-article,manual
10.1016/j.apradiso.2013.05.010,Design and simulation of GaN based Schottky betavoltaic nuclear micro-battery,2013,betavoltaic nuclear battery semiconductor,https://doi.org/10.1016/j.apradiso.2013.05.010,validado,Design and simulation of GaN based Schottky betavoltaic nuclear micro-battery,Applied Radiation and Isotopes,2013,journal-article,manual
10.1088/0256-307x/25/10/076,Demonstration of a 4H SiC Betavoltaic Nuclear Battery Based on Schottky Barrier Diode,2008,betavoltaic nuclear battery semiconductor,https://doi.org/10.1088/0256-307x/25/10/076,validado,Demonstration of a 4H SiC Betavoltaic Nuclear Battery Based on Schottky Barrier Diode,Chinese Physics Letters,2008,journal-article,manual
10.3390/mi9040148,Advanced Fabrication of Single-Crystal Diamond Membranes for Quantum Technologies,2018,carbon 14 diamond betavoltaic battery,https://doi.org/10.3390/mi9040148,validado,Advanced Fabrication of Single-Crystal Diamond Membranes for Quantum Technologies,Micromachines,2018,journal-article,manual
10.4236/gep.2021.93007,"Linear Global Temperature Correlation to Carbon Dioxide Level, Sea Level, and Innovative Solutions to a Projected 6°C Warming by 2100",2021,carbon 14 diamond betavoltaic battery,https://doi.org/10.4236/gep.2021.93007,validado,"Linear Global Temperature Correlation to Carbon Dioxide Level, Sea Level, and Innovative Solutions to a Projected 6&amp;amp;deg;C Warming by 2100",Journal of Geoscience and Environment Protection,2021,journal-article,manual
10.1116/1.581031,Tritiated amorphous silicon films and devices,1998,carbon 14 diamond betavoltaic battery,https://doi.org/10.1116/1.581031,validado,Tritiated amorphous silicon films and devices,"Journal of Vacuum Science &amp; Technology A: Vacuum, Surfaces, and Films",1998,journal-article,manual
10.1016/j.mtener.2021.100688,A diamond gammavoltaic cell utilizing surface conductivity and its response to different photon interaction mechanisms,2021,carbon 14 diamond betavoltaic battery,https://doi.org/10.1016/j.mtener.2021.100688,validado,A diamond gammavoltaic cell utilizing surface conductivity and its response to different photon interaction mechanisms,Materials Today Energy,2021,journal-article,manual
10.1038/s43246-023-00360-9,Isoelectronic aluminum-doped gallium nitride alpha-voltaic cell with efficiency exceeding 4.5%,2023,carbon 14 diamond betavoltaic battery,https://doi.org/10.1038/s43246-023-00360-9,validado,Isoelectronic aluminum-doped gallium nitride alpha-voltaic cell with efficiency exceeding 4.5%,Communications Materials,2023,journal-article,manual
10.1002/smll.202405408,Enhanced Electron Emission Performance and Air‐Surface Stability in ScO‐Terminated Diamond for Thermionic Energy Converters,2024,carbon 14 diamond betavoltaic battery,https://doi.org/10.1002/smll.202405408,validado,Enhanced Electron Emission Performance and Air‐Surface Stability in ScO‐Terminated Diamond for Thermionic Energy Converters,Small,2024,journal-article,manual
10.1002/cnl2.70039,Research Progress on Radiation Volt‐Effect Isotope Cells,2025,carbon 14 diamond betavoltaic battery,https://doi.org/10.1002/cnl2.70039,validado,Research Progress on Radiation Volt‐Effect Isotope Cells,Carbon Neutralization,2025,journal-article,manual
